rank	score	decision_tier	pack_id	pack_path	det_ratio	det_pass	det_supported	det_skipped	max_rss_kb	max_elapsed_sec	context_flags	candidate_status	observed_before	observation_count	last_observed_at	last_verify_soft_live_pass	last_stop_reason	last_processed_event_count	last_observation_age_hours	observation_recency_bucket	observation_last_outcome_short	observation_attention_flag	observation_status	next_action_hint	reobserve_status	recent_observation_trail	last_pnl_state	pnl_interpretation	pnl_attention_flag	latest_realized_sign	latest_unrealized_sign
1	84.534273	PROMOTE_STRONG	multi-hypothesis-phase5-bighunt-bybit-bbo-20260123..20260123-20260306_223808-e82ed9c0-t1__FULLSCAN_MAJOR__5979d5ea67bd3cb9eb515f0a91210ecc2486345d42cf93e9504bc1bec2078590	/home/deploy/quantlab-evidence-archive/20260306_slim/multi-hypothesis-phase5-bighunt-bybit-bbo-20260123..20260123-20260306_223808-e82ed9c0-t1__FULLSCAN_MAJOR	1.000000	1	1	5	85212.0	2.38	MARK=PASS;FUNDING=PASS;OI=PASS	NEW	true	10	2026-03-08T15:35:07Z	true	STREAM_END	115	0.000	WITHIN_24H	PASS(115)	false	OBSERVED_PASS	ALREADY_OBSERVED_GOOD	RECENTLY_OBSERVED	2026-03-08T15:35:07Z/PASS(115)/STREAM_END | 2026-03-08T15:33:27Z/PASS_NO_EVENTS/STREAM_END | 2026-03-08T14:02:35Z/PASS(193)/STREAM_END	FLAT_NO_FILLS	FLAT_NO_FILLS	false	FLAT	FLAT
2	84.530507	PROMOTE_STRONG	multi-hypothesis-phase5-bighunt-bybit-bbo-20260108..20260108-20260306_184546-9de45c6d-t1__FULLSCAN_MAJOR__255f98f931649cfa357b4d27bbec76d309b16b8baedabaa4d76c8f4539a54b2f	/home/deploy/quantlab-evidence-archive/20260306_slim/multi-hypothesis-phase5-bighunt-bybit-bbo-20260108..20260108-20260306_184546-9de45c6d-t1__FULLSCAN_MAJOR	1.000000	1	1	5	87532.0	1.91	MARK=PASS;FUNDING=PASS;OI=PASS	NEW	false	0		unknown		unknown	unknown	NEVER_OBSERVED	NO_HISTORY	false	NEW	READY_TO_OBSERVE	NOT_OBSERVED		UNKNOWN	UNKNOWN	false	UNKNOWN	UNKNOWN
3	84.479600	PROMOTE_STRONG	multi-hypothesis-phase5-bighunt-bybit-bbo-20260122..20260122-20260306_221422-3f8200a1-t1__FULLSCAN_MAJOR__d0c128d531f4d13acb95f5c1492ad541dd99f3364496cd6ce0c5801403dbfe96	/home/deploy/quantlab-evidence-archive/20260306_slim/multi-hypothesis-phase5-bighunt-bybit-bbo-20260122..20260122-20260306_221422-3f8200a1-t1__FULLSCAN_MAJOR	1.000000	3	3	15	95980.0	2.43	MARK=PASS;FUNDING=PASS;OI=PASS	NEW	false	0		unknown		unknown	unknown	NEVER_OBSERVED	NO_HISTORY	false	NEW	READY_TO_OBSERVE	NOT_OBSERVED		UNKNOWN	UNKNOWN	false	UNKNOWN	UNKNOWN
4	84.441987	PROMOTE_STRONG	multi-hypothesis-phase5-bighunt-bybit-bbo-20260115..20260115-20260306_203542-67a6cf84-t1__FULLSCAN_MAJOR__5d1c022d828df2bc3c95613148ef5ab02c68b515ee8569008de83dbbe586e8ad	/home/deploy/quantlab-evidence-archive/20260306_slim/multi-hypothesis-phase5-bighunt-bybit-bbo-20260115..20260115-20260306_203542-67a6cf84-t1__FULLSCAN_MAJOR	1.000000	1	1	5	103736.0	2.36	MARK=PASS;FUNDING=PASS;OI=PASS	NEW	false	0		unknown		unknown	unknown	NEVER_OBSERVED	NO_HISTORY	false	NEW	READY_TO_OBSERVE	NOT_OBSERVED		UNKNOWN	UNKNOWN	false	UNKNOWN	UNKNOWN
5	84.441547	PROMOTE_STRONG	multi-hypothesis-phase5-bighunt-bybit-bbo-20260124..20260124-20260306_225148-5980ca43-t1__FULLSCAN_MAJOR__6d279d08dd446e44ae4841d873e7cc8f848607d9d64794c63350a3e6c68fa550	/home/deploy/quantlab-evidence-archive/20260306_slim/multi-hypothesis-phase5-bighunt-bybit-bbo-20260124..20260124-20260306_225148-5980ca43-t1__FULLSCAN_MAJOR	1.000000	5	5	25	103324.0	2.51	MARK=PASS;FUNDING=PASS;OI=PASS	NEW	false	0		unknown		unknown	unknown	NEVER_OBSERVED	NO_HISTORY	false	NEW	READY_TO_OBSERVE	NOT_OBSERVED		UNKNOWN	UNKNOWN	false	UNKNOWN	UNKNOWN
6	84.219813	PROMOTE_STRONG	multi-hypothesis-phase5-bighunt-bybit-trade-20260124..20260124-20260306_225229-2fedebed-t1__FULLSCAN_MAJOR__3ae0e007060d81a7180ef37ac6ce9b44a0baa407b2edb9c69a835ffb62783ad8	/home/deploy/quantlab-evidence-archive/20260306_slim/multi-hypothesis-phase5-bighunt-bybit-trade-20260124..20260124-20260306_225229-2fedebed-t1__FULLSCAN_MAJOR	1.000000	25	25	5	115404.0	12.19	MARK=PASS;FUNDING=PASS;OI=PASS	NEW	false	0		unknown		unknown	unknown	NEVER_OBSERVED	NO_HISTORY	false	NEW	READY_TO_OBSERVE	NOT_OBSERVED		UNKNOWN	UNKNOWN	false	UNKNOWN	UNKNOWN
7	81.042920	PROMOTE_STRONG	multi-hypothesis-phase5-bighunt-binance-trade-20260107..20260107-20260306_182339-085459e1-t1__FULLSCAN_MAJOR__adadb3fb6a50be0cb204257bc83e1a485d66b86f76e4c61cd7b72de8affe21ff	/home/deploy/quantlab-evidence-archive/20260306_slim/multi-hypothesis-phase5-bighunt-binance-trade-20260107..20260107-20260306_182339-085459e1-t1__FULLSCAN_MAJOR	1.000000	5	5	1	453616.0	101.34	MARK=PASS;FUNDING=PASS;OI=PASS	NEW	false	0		unknown		unknown	unknown	NEVER_OBSERVED	NO_HISTORY	false	NEW	READY_TO_OBSERVE	NOT_OBSERVED		UNKNOWN	UNKNOWN	false	UNKNOWN	UNKNOWN
8	80.768980	PROMOTE_STRONG	multi-hypothesis-phase5-bighunt-binance-trade-20260108..20260108-20260306_184349-5fa7ecc7-t1__FULLSCAN_MAJOR__96d23b6476b1b9c5a90003f0e78a0ee8569ab92b8c0eca58352c953e9c5a0584	/home/deploy/quantlab-evidence-archive/20260306_slim/multi-hypothesis-phase5-bighunt-binance-trade-20260108..20260108-20260306_184349-5fa7ecc7-t1__FULLSCAN_MAJOR	1.000000	5	5	1	485104.0	108.33	MARK=PASS;FUNDING=PASS;OI=PASS	NEW	false	0		unknown		unknown	unknown	NEVER_OBSERVED	NO_HISTORY	false	NEW	READY_TO_OBSERVE	NOT_OBSERVED		UNKNOWN	UNKNOWN	false	UNKNOWN	UNKNOWN
9	80.168433	PROMOTE_STRONG	multi-hypothesis-phase5-bighunt-bybit-trade-20260122..20260122-20260306_221458-eabfbabb-t1__FULLSCAN_MAJOR__1924f3b3a098dc26c0a1fd89bf59f91d62c1020ab127f8adb71ee775ba525391	/home/deploy/quantlab-evidence-archive/20260306_slim/multi-hypothesis-phase5-bighunt-bybit-trade-20260122..20260122-20260306_221458-eabfbabb-t1__FULLSCAN_MAJOR	1.000000	10	10	2	546380.0	125.98	MARK=PASS;FUNDING=PASS;OI=PASS	NEW	false	0		unknown		unknown	unknown	NEVER_OBSERVED	NO_HISTORY	false	NEW	READY_TO_OBSERVE	NOT_OBSERVED		UNKNOWN	UNKNOWN	false	UNKNOWN	UNKNOWN
10	79.526407	PROMOTE_STRONG	multi-hypothesis-phase5-bighunt-binance-bbo-20260214..20260214-20260307_193745-90a25ab8-t1__FULLSCAN_MAJOR__d25d0eb32d0b9a3b47bc55e50d0e730f7bd126e4bd24699b209822f620c4f0b5	/home/deploy/quantlab-evidence-archive/20260307_slim/multi-hypothesis-phase5-bighunt-binance-bbo-20260214..20260214-20260307_193745-90a25ab8-t1__FULLSCAN_MAJOR	1.000000	4	4	20	933452.0	48.38	MARK=PASS;FUNDING=PASS;OI=PASS	NEW	false	0		unknown		unknown	unknown	NEVER_OBSERVED	NO_HISTORY	false	NEW	READY_TO_OBSERVE	NOT_OBSERVED		UNKNOWN	UNKNOWN	false	UNKNOWN	UNKNOWN
11	79.401660	PROMOTE_STRONG	multi-hypothesis-phase5-bighunt-binance-bbo-20260210..20260210-20260307_174138-86147e75-t1__FULLSCAN_MAJOR__bab7bb4f99d92d1795350640795fd1b3ba08bc521cac5f5f7e4284555c9de45d	/home/deploy/quantlab-evidence-archive/20260307_slim/multi-hypothesis-phase5-bighunt-binance-bbo-20260210..20260210-20260307_174138-86147e75-t1__FULLSCAN_MAJOR	1.000000	3	3	15	951868.0	50.34	MARK=PASS;FUNDING=PASS;OI=PASS	NEW	false	0		unknown		unknown	unknown	NEVER_OBSERVED	NO_HISTORY	false	NEW	READY_TO_OBSERVE	NOT_OBSERVED		UNKNOWN	UNKNOWN	false	UNKNOWN	UNKNOWN
12	78.069260	PROMOTE_STRONG	multi-hypothesis-phase5-bighunt-binance-bbo-20260220..20260220-20260307_210827-9176ddd1-t1__FULLSCAN_MAJOR__71ea8f4020a1b3ec44dd14fa0abafc060a919b123431a152da424caf5bf9c585	/home/deploy/quantlab-evidence-archive/20260307_slim/multi-hypothesis-phase5-bighunt-binance-bbo-20260220..20260220-20260307_210827-9176ddd1-t1__FULLSCAN_MAJOR	1.000000	4	4	20	1172248.0	64.17	MARK=PASS;FUNDING=PASS;OI=PASS	NEW	false	0		unknown		unknown	unknown	NEVER_OBSERVED	NO_HISTORY	false	NEW	READY_TO_OBSERVE	NOT_OBSERVED		UNKNOWN	UNKNOWN	false	UNKNOWN	UNKNOWN
13	77.718793	PROMOTE_STRONG	multi-hypothesis-phase5-bighunt-binance-bbo-20260216..20260216-20260307_200846-e872e59c-t1__FULLSCAN_MAJOR__b75cf8af56ea4662d10829dc867d1aabf16aed633a0aa02ff81c086ec36952a9	/home/deploy/quantlab-evidence-archive/20260307_slim/multi-hypothesis-phase5-bighunt-binance-bbo-20260216..20260216-20260307_200846-e872e59c-t1__FULLSCAN_MAJOR	1.000000	4	4	20	1236408.0	65.95	MARK=PASS;FUNDING=PASS;OI=PASS	NEW	false	0		unknown		unknown	unknown	NEVER_OBSERVED	NO_HISTORY	false	NEW	READY_TO_OBSERVE	NOT_OBSERVED		UNKNOWN	UNKNOWN	false	UNKNOWN	UNKNOWN
14	77.665593	PROMOTE_STRONG	multi-hypothesis-phase5-bighunt-binance-bbo-20260219..20260219-20260307_205350-8c85a2eb-t1__FULLSCAN_MAJOR__3bbd6d784cef43e77c81e203ecab773eff3e7aa5eccdcf3f8318c4967dceb807	/home/deploy/quantlab-evidence-archive/20260307_slim/multi-hypothesis-phase5-bighunt-binance-bbo-20260219..20260219-20260307_205350-8c85a2eb-t1__FULLSCAN_MAJOR	1.000000	4	4	20	1240648.0	67.87	MARK=PASS;FUNDING=PASS;OI=PASS	NEW	false	0		unknown		unknown	unknown	NEVER_OBSERVED	NO_HISTORY	false	NEW	READY_TO_OBSERVE	NOT_OBSERVED		UNKNOWN	UNKNOWN	false	UNKNOWN	UNKNOWN
15	77.532227	PROMOTE_STRONG	multi-hypothesis-phase5-bighunt-binance-bbo-20260218..20260218-20260307_203844-ecabc73c-t1__FULLSCAN_MAJOR__715bd30913d2e9bb8872f264b8b52c0801bd1e7861ed322e79356e037f277a0c	/home/deploy/quantlab-evidence-archive/20260307_slim/multi-hypothesis-phase5-bighunt-binance-bbo-20260218..20260218-20260307_203844-ecabc73c-t1__FULLSCAN_MAJOR	1.000000	4	4	20	1265988.0	68.27	MARK=PASS;FUNDING=PASS;OI=PASS	NEW	false	0		unknown		unknown	unknown	NEVER_OBSERVED	NO_HISTORY	false	NEW	READY_TO_OBSERVE	NOT_OBSERVED		UNKNOWN	UNKNOWN	false	UNKNOWN	UNKNOWN
16	77.462713	PROMOTE_STRONG	multi-hypothesis-phase5-bighunt-binance-bbo-20260215..20260215-20260307_195214-325cbe5c-t1__FULLSCAN_MAJOR__bd2a4d320b3b8cafc1b272133dcbe2688c4eb54ae2010719ed257dbef98adac8	/home/deploy/quantlab-evidence-archive/20260307_slim/multi-hypothesis-phase5-bighunt-binance-bbo-20260215..20260215-20260307_195214-325cbe5c-t1__FULLSCAN_MAJOR	1.000000	4	4	20	1280024.0	68.23	MARK=PASS;FUNDING=PASS;OI=PASS	NEW	false	0		unknown		unknown	unknown	NEVER_OBSERVED	NO_HISTORY	false	NEW	READY_TO_OBSERVE	NOT_OBSERVED		UNKNOWN	UNKNOWN	false	UNKNOWN	UNKNOWN
17	77.456613	PROMOTE_STRONG	multi-hypothesis-phase5-bighunt-binance-bbo-20260208..20260208-20260307_034832-0180ff20-t1__FULLSCAN_MAJOR__65f7f57b37b7eb88e3d6d3ce0a5cfd5ca153cf3c5254ea651fe2b8c30ef9d88f	/home/deploy/quantlab-evidence-archive/20260307_slim/multi-hypothesis-phase5-bighunt-binance-bbo-20260208..20260208-20260307_034832-0180ff20-t1__FULLSCAN_MAJOR	1.000000	4	4	20	1263744.0	73.48	MARK=PASS;FUNDING=PASS;OI=PASS	NEW	false	0		unknown		unknown	unknown	NEVER_OBSERVED	NO_HISTORY	false	NEW	READY_TO_OBSERVE	NOT_OBSERVED		UNKNOWN	UNKNOWN	false	UNKNOWN	UNKNOWN
18	77.356433	PROMOTE_STRONG	multi-hypothesis-phase5-bighunt-binance-bbo-20260217..20260217-20260307_202313-762018c2-t1__FULLSCAN_MAJOR__d67035e0d3dbaf8133a210e477206694d1840283ecec40a20fe06a259c7d308b	/home/deploy/quantlab-evidence-archive/20260307_slim/multi-hypothesis-phase5-bighunt-binance-bbo-20260217..20260217-20260307_202313-762018c2-t1__FULLSCAN_MAJOR	1.000000	4	4	20	1301880.0	68.05	MARK=PASS;FUNDING=PASS;OI=PASS	NEW	false	0		unknown		unknown	unknown	NEVER_OBSERVED	NO_HISTORY	false	NEW	READY_TO_OBSERVE	NOT_OBSERVED		UNKNOWN	UNKNOWN	false	UNKNOWN	UNKNOWN
19	76.817787	PROMOTE_STRONG	multi-hypothesis-phase5-bighunt-binance-bbo-20260227..20260227-20260307_230949-251cd9d2-t1__FULLSCAN_MAJOR__d492ccfe409b2806f2662e5bf7033149215e39fbdffd6f0055c7f7c551fc2b33	/home/deploy/quantlab-evidence-archive/20260307_slim/multi-hypothesis-phase5-bighunt-binance-bbo-20260227..20260227-20260307_230949-251cd9d2-t1__FULLSCAN_MAJOR	1.000000	4	4	20	1388876.0	74.27	MARK=PASS;FUNDING=PASS;OI=PASS	NEW	false	0		unknown		unknown	unknown	NEVER_OBSERVED	NO_HISTORY	false	NEW	READY_TO_OBSERVE	NOT_OBSERVED		UNKNOWN	UNKNOWN	false	UNKNOWN	UNKNOWN
20	76.293333	PROMOTE_STRONG	multi-hypothesis-phase5-bighunt-binance-bbo-20260212..20260212-20260307_190431-4985ed81-t1__FULLSCAN_MAJOR__a55a36bafb1ad2595c3c7a75d92480fec60bcd200d8039d67c217df7a5ee74b7	/home/deploy/quantlab-evidence-archive/20260307_slim/multi-hypothesis-phase5-bighunt-binance-bbo-20260212..20260212-20260307_190431-4985ed81-t1__FULLSCAN_MAJOR	1.000000	4	4	20	1476000.0	79.6	MARK=PASS;FUNDING=PASS;OI=PASS	NEW	false	0		unknown		unknown	unknown	NEVER_OBSERVED	NO_HISTORY	false	NEW	READY_TO_OBSERVE	NOT_OBSERVED		UNKNOWN	UNKNOWN	false	UNKNOWN	UNKNOWN
21	75.717640	PROMOTE_STRONG	multi-hypothesis-phase5-bighunt-binance-bbo-20260223..20260223-20260307_220253-d31f1609-t1__FULLSCAN_MAJOR__fdef8a7ae467f8c95ffc58dc8f273394d653a784b56f869896bb26f5b966fe93	/home/deploy/quantlab-evidence-archive/20260307_slim/multi-hypothesis-phase5-bighunt-binance-bbo-20260223..20260223-20260307_220253-d31f1609-t1__FULLSCAN_MAJOR	1.000000	4	4	20	1555372.0	90.33	MARK=PASS;FUNDING=PASS;OI=PASS	NEW	false	0		unknown		unknown	unknown	NEVER_OBSERVED	NO_HISTORY	false	NEW	READY_TO_OBSERVE	NOT_OBSERVED		UNKNOWN	UNKNOWN	false	UNKNOWN	UNKNOWN
22	75.677153	PROMOTE_STRONG	multi-hypothesis-phase5-bighunt-binance-bbo-20260228..20260228-20260307_232612-5a6e300c-t1__FULLSCAN_MAJOR__ab964bd8ee5762f07add0cf6683330cb5115dadd0433c1afb0aa7898211fb2b1	/home/deploy/quantlab-evidence-archive/20260307_slim/multi-hypothesis-phase5-bighunt-binance-bbo-20260228..20260228-20260307_232612-5a6e300c-t1__FULLSCAN_MAJOR	1.000000	4	4	20	1574836.0	86.92	MARK=PASS;FUNDING=PASS;OI=PASS	NEW	false	0		unknown		unknown	unknown	NEVER_OBSERVED	NO_HISTORY	false	NEW	READY_TO_OBSERVE	NOT_OBSERVED		UNKNOWN	UNKNOWN	false	UNKNOWN	UNKNOWN
23	75.627753	PROMOTE_STRONG	multi-hypothesis-phase5-bighunt-binance-bbo-20260213..20260213-20260307_192118-cda6bc51-t1__FULLSCAN_MAJOR__871e721b5c167914c653696adcfbc0bdd85557bf9f260049d2f7917cfa08315a	/home/deploy/quantlab-evidence-archive/20260307_slim/multi-hypothesis-phase5-bighunt-binance-bbo-20260213..20260213-20260307_192118-cda6bc51-t1__FULLSCAN_MAJOR	1.000000	4	4	20	1586516.0	86.38	MARK=PASS;FUNDING=PASS;OI=PASS	NEW	false	0		unknown		unknown	unknown	NEVER_OBSERVED	NO_HISTORY	false	NEW	READY_TO_OBSERVE	NOT_OBSERVED		UNKNOWN	UNKNOWN	false	UNKNOWN	UNKNOWN
24	75.621347	PROMOTE_STRONG	multi-hypothesis-phase5-bighunt-binance-bbo-20260226..20260226-20260307_225235-5c7ebec0-t1__FULLSCAN_MAJOR__8139dffe988202b46a221d10ea947a56804044afdbedc991a12b1d5e23637015	/home/deploy/quantlab-evidence-archive/20260307_slim/multi-hypothesis-phase5-bighunt-binance-bbo-20260226..20260226-20260307_225235-5c7ebec0-t1__FULLSCAN_MAJOR	1.000000	4	4	20	1584264.0	87.44	MARK=PASS;FUNDING=PASS;OI=PASS	NEW	false	0		unknown		unknown	unknown	NEVER_OBSERVED	NO_HISTORY	false	NEW	READY_TO_OBSERVE	NOT_OBSERVED		UNKNOWN	UNKNOWN	false	UNKNOWN	UNKNOWN
25	75.410433	PROMOTE_STRONG	multi-hypothesis-phase5-bighunt-binance-bbo-20260209..20260209-20260307_042520-a29fe303-t1__FULLSCAN_MAJOR__4904e17e9dc96306dfe258a26ad0654b6c63f71986578e10e7459aa0b197fa8c	/home/deploy/quantlab-evidence-archive/20260307_slim/multi-hypothesis-phase5-bighunt-binance-bbo-20260209..20260209-20260307_042520-a29fe303-t1__FULLSCAN_MAJOR	1.000000	4	4	20	1603580.0	94.3	MARK=PASS;FUNDING=PASS;OI=PASS	NEW	false	0		unknown		unknown	unknown	NEVER_OBSERVED	NO_HISTORY	false	NEW	READY_TO_OBSERVE	NOT_OBSERVED		UNKNOWN	UNKNOWN	false	UNKNOWN	UNKNOWN
26	75.261713	PROMOTE_STRONG	multi-hypothesis-phase5-bighunt-binance-bbo-20260224..20260224-20260307_221836-ac97948a-t1__FULLSCAN_MAJOR__70d25ce0a72e9e21119a04f2098d00aabfcc477aafc59584cfb274959db29507	/home/deploy/quantlab-evidence-archive/20260307_slim/multi-hypothesis-phase5-bighunt-binance-bbo-20260224..20260224-20260307_221836-ac97948a-t1__FULLSCAN_MAJOR	1.000000	4	4	20	1645824.0	90.55	MARK=PASS;FUNDING=PASS;OI=PASS	NEW	false	0		unknown		unknown	unknown	NEVER_OBSERVED	NO_HISTORY	false	NEW	READY_TO_OBSERVE	NOT_OBSERVED		UNKNOWN	UNKNOWN	false	UNKNOWN	UNKNOWN
27	75.046753	PROMOTE_STRONG	multi-hypothesis-phase5-bighunt-binance-bbo-20260225..20260225-20260307_223502-7c751e1e-t1__FULLSCAN_MAJOR__a30c6460047d46f07ab7f7ab96f3f7fb23d5e200e2e24d838766bf65ed66fa62	/home/deploy/quantlab-evidence-archive/20260307_slim/multi-hypothesis-phase5-bighunt-binance-bbo-20260225..20260225-20260307_223502-7c751e1e-t1__FULLSCAN_MAJOR	1.000000	4	4	20	1686516.0	91.24	MARK=PASS;FUNDING=PASS;OI=PASS	NEW	false	0		unknown		unknown	unknown	NEVER_OBSERVED	NO_HISTORY	false	NEW	READY_TO_OBSERVE	NOT_OBSERVED		UNKNOWN	UNKNOWN	false	UNKNOWN	UNKNOWN
28	74.921613	PROMOTE_STRONG	multi-hypothesis-phase5-bighunt-binance-bbo-20260304..20260304-20260308_001847-fbb6924f-t1__FULLSCAN_MAJOR__8239f055c163d51093dd09d27042301451fa1e79e067ed79f1458668ea768b6d	/home/deploy/quantlab-evidence-archive/20260308_slim/multi-hypothesis-phase5-bighunt-binance-bbo-20260304..20260304-20260308_001847-fbb6924f-t1__FULLSCAN_MAJOR	1.000000	4	4	20	1706744.0	92.68	MARK=PASS;FUNDING=PASS;OI=PASS	NEW	false	0		unknown		unknown	unknown	NEVER_OBSERVED	NO_HISTORY	false	NEW	READY_TO_OBSERVE	NOT_OBSERVED		UNKNOWN	UNKNOWN	false	UNKNOWN	UNKNOWN
29	74.206753	PROMOTE_STRONG	multi-hypothesis-phase5-bighunt-binance-bbo-20260211..20260211-20260307_181839-965021cb-t1__FULLSCAN_MAJOR__0d897cc04c751eedbff20bd6a3cb719d63f60bde55dc06dabcedd226853d44db	/home/deploy/quantlab-evidence-archive/20260307_slim/multi-hypothesis-phase5-bighunt-binance-bbo-20260211..20260211-20260307_181839-965021cb-t1__FULLSCAN_MAJOR	1.000000	4	4	20	1811816.0	104.05	MARK=PASS;FUNDING=PASS;OI=PASS	NEW	false	0		unknown		unknown	unknown	NEVER_OBSERVED	NO_HISTORY	false	NEW	READY_TO_OBSERVE	NOT_OBSERVED		UNKNOWN	UNKNOWN	false	UNKNOWN	UNKNOWN
30	74.117073	PROMOTE_STRONG	multi-hypothesis-phase5-bighunt-binance-bbo-20260303..20260303-20260307_235954-59046c90-t1__FULLSCAN_MAJOR__1da49fd0bde8dbc0a4b4d4e2a2c35bbf8ed10e0e33c0ddc0c5bc5f69e8fe4b34	/home/deploy/quantlab-evidence-archive/20260307_slim/multi-hypothesis-phase5-bighunt-binance-bbo-20260303..20260303-20260307_235954-59046c90-t1__FULLSCAN_MAJOR	1.000000	4	4	20	1738452.0	131.44	MARK=PASS;FUNDING=PASS;OI=PASS	NEW	false	0		unknown		unknown	unknown	NEVER_OBSERVED	NO_HISTORY	false	NEW	READY_TO_OBSERVE	NOT_OBSERVED		UNKNOWN	UNKNOWN	false	UNKNOWN	UNKNOWN
31	73.659460	PROMOTE_STRONG	multi-hypothesis-phase5-bighunt-binance-bbo-20260302..20260302-20260307_234227-7f3371f6-t1__FULLSCAN_MAJOR__9fc1698eeec0681f0d5a08774bbf3018f5eefa7f36f3bd91b3b32abf58dc4974	/home/deploy/quantlab-evidence-archive/20260307_slim/multi-hypothesis-phase5-bighunt-binance-bbo-20260302..20260302-20260307_234227-7f3371f6-t1__FULLSCAN_MAJOR	1.000000	4	4	20	1904908.0	108.96	MARK=PASS;FUNDING=PASS;OI=PASS	NEW	false	0		unknown		unknown	unknown	NEVER_OBSERVED	NO_HISTORY	false	NEW	READY_TO_OBSERVE	NOT_OBSERVED		UNKNOWN	UNKNOWN	false	UNKNOWN	UNKNOWN
32	73.635160	PROMOTE_STRONG	multi-hypothesis-phase5-bighunt-binance-bbo-20260124..20260124-20260306_224433-eb46ae1e-t1__FULLSCAN_MAJOR__f2f4dcb1050ed9860d1d6e050d4d3fe6f7892bd3fc527ee87cd76097d654a7d4	/home/deploy/quantlab-evidence-archive/20260306_slim/multi-hypothesis-phase5-bighunt-binance-bbo-20260124..20260124-20260306_224433-eb46ae1e-t1__FULLSCAN_MAJOR	1.000000	4	4	20	1903968.0	110.7	MARK=PASS;FUNDING=PASS;OI=PASS	NEW	false	0		unknown		unknown	unknown	NEVER_OBSERVED	NO_HISTORY	false	NEW	READY_TO_OBSERVE	NOT_OBSERVED		UNKNOWN	UNKNOWN	false	UNKNOWN	UNKNOWN
33	72.815500	PROMOTE_STRONG	multi-hypothesis-phase5-bighunt-binance-bbo-20260110..20260110-20260306_191204-345c74a2-t1__FULLSCAN_MAJOR__e61803be266b8630ee6e690644227b5e8457ebcbca1e6a47341edf2a65c71f8f	/home/deploy/quantlab-evidence-archive/20260306_slim/multi-hypothesis-phase5-bighunt-binance-bbo-20260110..20260110-20260306_191204-345c74a2-t1__FULLSCAN_MAJOR	1.000000	4	4	20	2307368.0	131.07	MARK=PASS;FUNDING=PASS;OI=PASS	NEW	false	0		unknown		unknown	unknown	NEVER_OBSERVED	NO_HISTORY	false	NEW	READY_TO_OBSERVE	NOT_OBSERVED		UNKNOWN	UNKNOWN	false	UNKNOWN	UNKNOWN
34	59.590820	PROMOTE	multi-hypothesis-phase5-bighunt-bybit-bbo-20260110..20260110-20260306_191708-c7000844-t1__FULLSCAN_MAJOR__0ad17f23e150de63e15707976dbaed17fb6de1ecd029fde053d3a21c1abad06e	/home/deploy/quantlab-evidence-archive/20260306_slim/multi-hypothesis-phase5-bighunt-bybit-bbo-20260110..20260110-20260306_191708-c7000844-t1__FULLSCAN_MAJOR	1.000000	2	2	10	76736.0	1.53	MARK=PASS;FUNDING=WARN;OI=PASS	NEW	false	0		unknown		unknown	unknown	NEVER_OBSERVED	NO_HISTORY	false	NEW	READY_TO_OBSERVE	NOT_OBSERVED		UNKNOWN	UNKNOWN	false	UNKNOWN	UNKNOWN
35	59.030307	PROMOTE	multi-hypothesis-phase5-bighunt-binance-trade-20260226..20260227-20260306_063952-e2efix1__FULLSCAN_MAJOR__0d68a8be923d9a3b598f9a947312ae19f1529cdfd3e7eea40d8078200ffbaab0	/home/deploy/quantlab-evidence-archive/20260306_slim/multi-hypothesis-phase5-bighunt-binance-trade-20260226..20260227-20260306_063952-e2efix1__FULLSCAN_MAJOR	1.000000	5	5	1	129972.0	19.19	MARK=WARN;FUNDING=PASS;OI=PASS	NEW	false	0		unknown		unknown	unknown	NEVER_OBSERVED	NO_HISTORY	false	NEW	READY_TO_OBSERVE	NOT_OBSERVED		UNKNOWN	UNKNOWN	false	UNKNOWN	UNKNOWN
36	58.806807	PROMOTE	multi-hypothesis-phase5-bighunt-binance-trade-20260219..20260219-20260307_205704-1693779d-t1__FULLSCAN_MAJOR__17450945191bc84476ad00ca57ea1144aa94b841302c6a30666e9d055b191cfa	/home/deploy/quantlab-evidence-archive/20260307_slim/multi-hypothesis-phase5-bighunt-binance-trade-20260219..20260219-20260307_205704-1693779d-t1__FULLSCAN_MAJOR	1.000000	35	35	7	161172.0	23.24	MARK=WARN;FUNDING=PASS;OI=PASS	NEW	false	0		unknown		unknown	unknown	NEVER_OBSERVED	NO_HISTORY	false	NEW	READY_TO_OBSERVE	NOT_OBSERVED		UNKNOWN	UNKNOWN	false	UNKNOWN	UNKNOWN
37	58.790813	PROMOTE	multi-hypothesis-phase5-bighunt-binance-trade-20260217..20260217-20260307_202639-d50308f1-t1__FULLSCAN_MAJOR__0ed2163a25825fb69199b5b3c917e0412d8555b71f57d3507335e51aae0125ab	/home/deploy/quantlab-evidence-archive/20260307_slim/multi-hypothesis-phase5-bighunt-binance-trade-20260217..20260217-20260307_202639-d50308f1-t1__FULLSCAN_MAJOR	1.000000	35	35	7	163804.0	23.41	MARK=WARN;FUNDING=PASS;OI=PASS	NEW	false	0		unknown		unknown	unknown	NEVER_OBSERVED	NO_HISTORY	false	NEW	READY_TO_OBSERVE	NOT_OBSERVED		UNKNOWN	UNKNOWN	false	UNKNOWN	UNKNOWN
38	58.788327	PROMOTE	multi-hypothesis-phase5-bighunt-binance-trade-20260214..20260214-20260307_194028-8a3131f7-t1__FULLSCAN_MAJOR__4321db8bcf29cbd86ec527f7637e035a044bcc34acb9f9df1fc25466b724ff52	/home/deploy/quantlab-evidence-archive/20260307_slim/multi-hypothesis-phase5-bighunt-binance-trade-20260214..20260214-20260307_194028-8a3131f7-t1__FULLSCAN_MAJOR	1.000000	35	35	7	163068.0	23.78	MARK=WARN;FUNDING=PASS;OI=PASS	NEW	false	0		unknown		unknown	unknown	NEVER_OBSERVED	NO_HISTORY	false	NEW	READY_TO_OBSERVE	NOT_OBSERVED		UNKNOWN	UNKNOWN	false	UNKNOWN	UNKNOWN
39	58.748700	PROMOTE	multi-hypothesis-phase5-bighunt-binance-trade-20260220..20260220-20260307_211155-2b6661b0-t1__FULLSCAN_MAJOR__30395e47ca66656c9145a313820cb279cdf0c67eaf8ea62e4299d6178647a296	/home/deploy/quantlab-evidence-archive/20260307_slim/multi-hypothesis-phase5-bighunt-binance-trade-20260220..20260220-20260307_211155-2b6661b0-t1__FULLSCAN_MAJOR	1.000000	35	35	7	167460.0	24.84	MARK=WARN;FUNDING=PASS;OI=PASS	NEW	false	0		unknown		unknown	unknown	NEVER_OBSERVED	NO_HISTORY	false	NEW	READY_TO_OBSERVE	NOT_OBSERVED		UNKNOWN	UNKNOWN	false	UNKNOWN	UNKNOWN
40	58.723567	PROMOTE	multi-hypothesis-phase5-bighunt-binance-trade-20260212..20260212-20260307_190811-305e36d6-t1__FULLSCAN_MAJOR__38c9532cf07240734c43483156461431f2e36ddaf49ce3a1b35eab0e1976745f	/home/deploy/quantlab-evidence-archive/20260307_slim/multi-hypothesis-phase5-bighunt-binance-trade-20260212..20260212-20260307_190811-305e36d6-t1__FULLSCAN_MAJOR	1.000000	35	35	7	170620.0	25.4	MARK=WARN;FUNDING=PASS;OI=PASS	NEW	false	0		unknown		unknown	unknown	NEVER_OBSERVED	NO_HISTORY	false	NEW	READY_TO_OBSERVE	NOT_OBSERVED		UNKNOWN	UNKNOWN	false	UNKNOWN	UNKNOWN
41	58.721213	PROMOTE	multi-hypothesis-phase5-bighunt-binance-trade-20260216..20260216-20260307_201204-1f153e95-t1__FULLSCAN_MAJOR__6d4b6f0376dabaceab37c854d41dfb3738dacb226d737895cef5d02e36364e29	/home/deploy/quantlab-evidence-archive/20260307_slim/multi-hypothesis-phase5-bighunt-binance-trade-20260216..20260216-20260307_201204-1f153e95-t1__FULLSCAN_MAJOR	1.000000	35	35	7	171024.0	25.42	MARK=WARN;FUNDING=PASS;OI=PASS	NEW	false	0		unknown		unknown	unknown	NEVER_OBSERVED	NO_HISTORY	false	NEW	READY_TO_OBSERVE	NOT_OBSERVED		UNKNOWN	UNKNOWN	false	UNKNOWN	UNKNOWN
42	58.667993	PROMOTE	multi-hypothesis-phase5-bighunt-binance-trade-20260226..20260226-20260307_225643-cd573a6d-t1__FULLSCAN_MAJOR__4883ede73a477b82a880fee75595629f405790e7309dd022b34a1ab79dc01bc7	/home/deploy/quantlab-evidence-archive/20260307_slim/multi-hypothesis-phase5-bighunt-binance-trade-20260226..20260226-20260307_225643-cd573a6d-t1__FULLSCAN_MAJOR	1.000000	35	35	7	175868.0	27.16	MARK=WARN;FUNDING=PASS;OI=PASS	NEW	false	0		unknown		unknown	unknown	NEVER_OBSERVED	NO_HISTORY	false	NEW	READY_TO_OBSERVE	NOT_OBSERVED		UNKNOWN	UNKNOWN	false	UNKNOWN	UNKNOWN
43	58.656693	PROMOTE	multi-hypothesis-phase5-bighunt-binance-trade-20260227..20260227-20260307_231316-b910dca5-t1__FULLSCAN_MAJOR__4bfdd04262256e50f7ecfac710413af5076af34144e241bb00a49ceb8badbdae	/home/deploy/quantlab-evidence-archive/20260307_slim/multi-hypothesis-phase5-bighunt-binance-trade-20260227..20260227-20260307_231316-b910dca5-t1__FULLSCAN_MAJOR	1.000000	35	35	7	177128.0	27.46	MARK=WARN;FUNDING=PASS;OI=PASS	NEW	false	0		unknown		unknown	unknown	NEVER_OBSERVED	NO_HISTORY	false	NEW	READY_TO_OBSERVE	NOT_OBSERVED		UNKNOWN	UNKNOWN	false	UNKNOWN	UNKNOWN
44	58.642640	PROMOTE	multi-hypothesis-phase5-bighunt-binance-trade-20260224..20260224-20260307_222217-0788837f-t1__FULLSCAN_MAJOR__16e446b1fe4b6eba575af36d8e55beb367eb345643e4c3b01f695ebad644515e	/home/deploy/quantlab-evidence-archive/20260307_slim/multi-hypothesis-phase5-bighunt-binance-trade-20260224..20260224-20260307_222217-0788837f-t1__FULLSCAN_MAJOR	1.000000	35	35	7	178572.0	27.87	MARK=WARN;FUNDING=PASS;OI=PASS	NEW	false	0		unknown		unknown	unknown	NEVER_OBSERVED	NO_HISTORY	false	NEW	READY_TO_OBSERVE	NOT_OBSERVED		UNKNOWN	UNKNOWN	false	UNKNOWN	UNKNOWN
45	58.633980	PROMOTE	multi-hypothesis-phase5-bighunt-okx-bbo-20260122..20260122-20260306_221750-26b2837d-t1__FULLSCAN_MAJOR__27ed60069409f4691020ffec211cae8fc28cb9efeb2d7b05d4f1905ec1226ae6	/home/deploy/quantlab-evidence-archive/20260306_slim/multi-hypothesis-phase5-bighunt-okx-bbo-20260122..20260122-20260306_221750-26b2837d-t1__FULLSCAN_MAJOR	1.000000	1	1	5	243104.0	9.03	MARK=PASS;FUNDING=PASS;OI=WARN	NEW	false	0		unknown		unknown	unknown	NEVER_OBSERVED	NO_HISTORY	false	NEW	READY_TO_OBSERVE	NOT_OBSERVED		UNKNOWN	UNKNOWN	false	UNKNOWN	UNKNOWN
46	58.491887	PROMOTE	multi-hypothesis-phase5-bighunt-binance-trade-20260213..20260213-20260307_192450-53422719-t1__FULLSCAN_MAJOR__995c8ea3ef2c1772c0b95cc3a745ab8d3052d0fe0677cb33d8e26ccdffbae0f8	/home/deploy/quantlab-evidence-archive/20260307_slim/multi-hypothesis-phase5-bighunt-binance-trade-20260213..20260213-20260307_192450-53422719-t1__FULLSCAN_MAJOR	1.000000	35	35	7	198156.0	31.04	MARK=WARN;FUNDING=PASS;OI=PASS	NEW	false	0		unknown		unknown	unknown	NEVER_OBSERVED	NO_HISTORY	false	NEW	READY_TO_OBSERVE	NOT_OBSERVED		UNKNOWN	UNKNOWN	false	UNKNOWN	UNKNOWN
47	58.470367	PROMOTE	multi-hypothesis-phase5-bighunt-binance-trade-20260303..20260303-20260308_000514-e3a11c5a-t1__FULLSCAN_MAJOR__deb9f9a03c5cdc63fc0260d0831f4ff7d2ac01630561291eee1683dfff09ad8d	/home/deploy/quantlab-evidence-archive/20260308_slim/multi-hypothesis-phase5-bighunt-binance-trade-20260303..20260303-20260308_000514-e3a11c5a-t1__FULLSCAN_MAJOR	1.000000	35	35	7	199760.0	31.85	MARK=WARN;FUNDING=PASS;OI=PASS	NEW	false	0		unknown		unknown	unknown	NEVER_OBSERVED	NO_HISTORY	false	NEW	READY_TO_OBSERVE	NOT_OBSERVED		UNKNOWN	UNKNOWN	false	UNKNOWN	UNKNOWN
48	58.467100	PROMOTE	multi-hypothesis-phase5-bighunt-binance-trade-20260223..20260223-20260307_220628-17c80b3e-t1__FULLSCAN_MAJOR__2d486b31a872d4f372bab60038a269ffcfc08d2ab0d678960fa63e52bbd61fa2	/home/deploy/quantlab-evidence-archive/20260307_slim/multi-hypothesis-phase5-bighunt-binance-trade-20260223..20260223-20260307_220628-17c80b3e-t1__FULLSCAN_MAJOR	1.000000	35	35	7	199580.0	32.1	MARK=WARN;FUNDING=PASS;OI=PASS	NEW	false	0		unknown		unknown	unknown	NEVER_OBSERVED	NO_HISTORY	false	NEW	READY_TO_OBSERVE	NOT_OBSERVED		UNKNOWN	UNKNOWN	false	UNKNOWN	UNKNOWN
49	58.443460	PROMOTE	multi-hypothesis-phase5-day-benchmark-binance-trade-20260303-20260306_122929__FULLSCAN_MAJOR__ddc202fbb2ed6b765494fd68ed2aa0d9d3dd4a0049c29a8b5e9c9788201677f4	/home/deploy/quantlab-evidence-archive/20260306_slim/multi-hypothesis-phase5-day-benchmark-binance-trade-20260303-20260306_122929__FULLSCAN_MAJOR	1.000000	35	35	7	200808.0	33.15	MARK=WARN;FUNDING=PASS;OI=PASS	NEW	false	0		unknown		unknown	unknown	NEVER_OBSERVED	NO_HISTORY	false	NEW	READY_TO_OBSERVE	NOT_OBSERVED		UNKNOWN	UNKNOWN	false	UNKNOWN	UNKNOWN
50	58.424753	PROMOTE	multi-hypothesis-phase5-bighunt-binance-trade-20260228..20260228-20260307_232959-34a76040-t1__FULLSCAN_MAJOR__87b8d5ed17555a079876a4479f8f07a1a7b6617cf67e5c94d480e5f7ff7da536	/home/deploy/quantlab-evidence-archive/20260307_slim/multi-hypothesis-phase5-bighunt-binance-trade-20260228..20260228-20260307_232959-34a76040-t1__FULLSCAN_MAJOR	1.000000	35	35	7	207316.0	32.32	MARK=WARN;FUNDING=PASS;OI=PASS	NEW	false	0		unknown		unknown	unknown	NEVER_OBSERVED	NO_HISTORY	false	NEW	READY_TO_OBSERVE	NOT_OBSERVED		UNKNOWN	UNKNOWN	false	UNKNOWN	UNKNOWN
51	58.316253	PROMOTE	multi-hypothesis-phase5-bighunt-binance-trade-20260302..20260302-20260307_234707-8623c97c-t1__FULLSCAN_MAJOR__f879ccaa2446050bd3937a9c86272c805f17c11a2f8142d4fa3276ed43df8b5b	/home/deploy/quantlab-evidence-archive/20260307_slim/multi-hypothesis-phase5-bighunt-binance-trade-20260302..20260302-20260307_234707-8623c97c-t1__FULLSCAN_MAJOR	1.000000	35	35	7	216016.0	36.22	MARK=WARN;FUNDING=PASS;OI=PASS	NEW	false	0		unknown		unknown	unknown	NEVER_OBSERVED	NO_HISTORY	false	NEW	READY_TO_OBSERVE	NOT_OBSERVED		UNKNOWN	UNKNOWN	false	UNKNOWN	UNKNOWN
52	58.283840	PROMOTE	multi-hypothesis-phase5-bighunt-binance-trade-20260304..20260304-20260308_002329-ec64c4b0-t1__FULLSCAN_MAJOR__63877cedd31fa1ec9ad237bf5a783416f7b0b0dfa2c4aa58bda5cab4d164ba12	/home/deploy/quantlab-evidence-archive/20260308_slim/multi-hypothesis-phase5-bighunt-binance-trade-20260304..20260304-20260308_002329-ec64c4b0-t1__FULLSCAN_MAJOR	1.000000	35	35	7	220332.0	36.87	MARK=WARN;FUNDING=PASS;OI=PASS	NEW	false	0		unknown		unknown	unknown	NEVER_OBSERVED	NO_HISTORY	false	NEW	READY_TO_OBSERVE	NOT_OBSERVED		UNKNOWN	UNKNOWN	false	UNKNOWN	UNKNOWN
53	58.016800	PROMOTE	multi-hypothesis-phase5-bighunt-binance-trade-20260215..20260215-20260307_195556-31382651-t1__FULLSCAN_MAJOR__76b244b04ef9440e1fc198529b82a1d0ca05c0d7016b47273a966401ba93737b	/home/deploy/quantlab-evidence-archive/20260307_slim/multi-hypothesis-phase5-bighunt-binance-trade-20260215..20260215-20260307_195556-31382651-t1__FULLSCAN_MAJOR	1.000000	35	35	7	247440.0	44.76	MARK=WARN;FUNDING=PASS;OI=PASS	NEW	false	0		unknown		unknown	unknown	NEVER_OBSERVED	NO_HISTORY	false	NEW	READY_TO_OBSERVE	NOT_OBSERVED		UNKNOWN	UNKNOWN	false	UNKNOWN	UNKNOWN
54	57.826040	PROMOTE	multi-hypothesis-phase5-bighunt-binance-trade-20260222..20260222-20260307_214855-2259d678-t1__FULLSCAN_MAJOR__f6f77334020eed5b4805edea864954eb2db900003b09fe7e815c828f34c772cd	/home/deploy/quantlab-evidence-archive/20260307_slim/multi-hypothesis-phase5-bighunt-binance-trade-20260222..20260222-20260307_214855-2259d678-t1__FULLSCAN_MAJOR	1.000000	45	45	9	269192.0	49.68	MARK=WARN;FUNDING=PASS;OI=PASS	NEW	false	0		unknown		unknown	unknown	NEVER_OBSERVED	NO_HISTORY	false	NEW	READY_TO_OBSERVE	NOT_OBSERVED		UNKNOWN	UNKNOWN	false	UNKNOWN	UNKNOWN
55	57.749787	PROMOTE	multi-hypothesis-phase5-bighunt-binance-trade-20260221..20260221-20260307_212951-1afaaacf-t1__FULLSCAN_MAJOR__c333f8c93b634c759a777bc8833a614cfbfc6728d4155f484440b853fbdda1ce	/home/deploy/quantlab-evidence-archive/20260307_slim/multi-hypothesis-phase5-bighunt-binance-trade-20260221..20260221-20260307_212951-1afaaacf-t1__FULLSCAN_MAJOR	1.000000	45	45	9	277676.0	51.71	MARK=WARN;FUNDING=PASS;OI=PASS	NEW	false	0		unknown		unknown	unknown	NEVER_OBSERVED	NO_HISTORY	false	NEW	READY_TO_OBSERVE	NOT_OBSERVED		UNKNOWN	UNKNOWN	false	UNKNOWN	UNKNOWN
56	57.280893	PROMOTE	multi-hypothesis-phase5-bighunt-binance-trade-20260302..20260303-20260306_094633-d5dbd181-t1__FULLSCAN_MAJOR__ff80c569bcaa0490aa4ffb44aa9a9c286eda5828222da2a9996fe20a1495eacf	/home/deploy/quantlab-evidence-archive/20260306_slim/multi-hypothesis-phase5-bighunt-binance-trade-20260302..20260303-20260306_094633-d5dbd181-t1__FULLSCAN_MAJOR	1.000000	35	35	7	324688.0	65.74	MARK=WARN;FUNDING=PASS;OI=PASS	NEW	false	0		unknown		unknown	unknown	NEVER_OBSERVED	NO_HISTORY	false	NEW	READY_TO_OBSERVE	NOT_OBSERVED		UNKNOWN	UNKNOWN	false	UNKNOWN	UNKNOWN
57	57.227033	PROMOTE	multi-hypothesis-phase5-bighunt-binance-trade-20260303..20260304-20260306_113334-eacbdf5c-t1__FULLSCAN_MAJOR__2456938e47702497f5c2107075a4bd8b6e40b72f2f5af8f03eaf9692ecbd92f4	/home/deploy/quantlab-evidence-archive/20260306_slim/multi-hypothesis-phase5-bighunt-binance-trade-20260303..20260304-20260306_113334-eacbdf5c-t1__FULLSCAN_MAJOR	1.000000	35	35	7	326060.0	68.56	MARK=WARN;FUNDING=PASS;OI=PASS	NEW	false	0		unknown		unknown	unknown	NEVER_OBSERVED	NO_HISTORY	false	NEW	READY_TO_OBSERVE	NOT_OBSERVED		UNKNOWN	UNKNOWN	false	UNKNOWN	UNKNOWN
58	57.079820	PROMOTE	multi-hypothesis-phase5-bighunt-binance-trade-20260104..20260104-20260306_132910-64ab9364-t1__FULLSCAN_MAJOR__470998239d0ff4a287d41b412dfadc9877179b4e5991f18ae5a682060bd047c5	/home/deploy/quantlab-evidence-archive/20260306_slim/multi-hypothesis-phase5-bighunt-binance-trade-20260104..20260104-20260306_132910-64ab9364-t1__FULLSCAN_MAJOR	1.000000	10	10	2	502236.0	24.54	MARK=WARN;FUNDING=PASS;OI=PASS	NEW	false	0		unknown		unknown	unknown	NEVER_OBSERVED	NO_HISTORY	false	NEW	READY_TO_OBSERVE	NOT_OBSERVED		UNKNOWN	UNKNOWN	false	UNKNOWN	UNKNOWN
59	56.802393	PROMOTE	multi-hypothesis-phase5-bighunt-binance-trade-20260117..20260117-20260306_210212-1a441c1e-t1__FULLSCAN_MAJOR__23cfd9796dab7d75190973d72ed41254529eea262d8094c1500f3e4b17ccbfc6	/home/deploy/quantlab-evidence-archive/20260306_slim/multi-hypothesis-phase5-bighunt-binance-trade-20260117..20260117-20260306_210212-1a441c1e-t1__FULLSCAN_MAJOR	1.000000	5	5	1	525688.0	34.15	MARK=WARN;FUNDING=PASS;OI=PASS	NEW	false	0		unknown		unknown	unknown	NEVER_OBSERVED	NO_HISTORY	false	NEW	READY_TO_OBSERVE	NOT_OBSERVED		UNKNOWN	UNKNOWN	false	UNKNOWN	UNKNOWN
60	56.795580	PROMOTE	multi-hypothesis-phase5-day-benchmark-binance-trade-20260104-20260306_102926__FULLSCAN_MAJOR__b56c960fa2b5365433d20003eae450803cc5929382ae44940b179c73487bc969	/home/deploy/quantlab-evidence-archive/20260306_slim/multi-hypothesis-phase5-day-benchmark-binance-trade-20260104-20260306_102926__FULLSCAN_MAJOR	1.000000	10	10	2	562684.0	23.46	MARK=WARN;FUNDING=PASS;OI=PASS	NEW	false	0		unknown		unknown	unknown	NEVER_OBSERVED	NO_HISTORY	false	NEW	READY_TO_OBSERVE	NOT_OBSERVED		UNKNOWN	UNKNOWN	false	UNKNOWN	UNKNOWN
61	55.987600	PROMOTE	multi-hypothesis-phase5-bighunt-binance-trade-20260118..20260118-20260306_211057-cb510e52-t1__FULLSCAN_MAJOR__63b33fd2370496d343ef304c15065e4d427c54328a76562f17eb3c3079769ba1	/home/deploy/quantlab-evidence-archive/20260306_slim/multi-hypothesis-phase5-bighunt-binance-trade-20260118..20260118-20260306_211057-cb510e52-t1__FULLSCAN_MAJOR	1.000000	5	5	1	659580.0	42.87	MARK=WARN;FUNDING=PASS;OI=PASS	NEW	false	0		unknown		unknown	unknown	NEVER_OBSERVED	NO_HISTORY	false	NEW	READY_TO_OBSERVE	NOT_OBSERVED		UNKNOWN	UNKNOWN	false	UNKNOWN	UNKNOWN
62	55.725780	PROMOTE	multi-hypothesis-phase5-bighunt-binance-trade-20260106..20260106-20260306_175724-0759b8da-t1__FULLSCAN_MAJOR__68b8b838a4fa3fe1e421817c019c5e7c3f51c83c46196201e3c01b38b9ef821f	/home/deploy/quantlab-evidence-archive/20260306_slim/multi-hypothesis-phase5-bighunt-binance-trade-20260106..20260106-20260306_175724-0759b8da-t1__FULLSCAN_MAJOR	1.000000	5	5	1	698044.0	47.04	MARK=WARN;FUNDING=PASS;OI=PASS	NEW	false	0		unknown		unknown	unknown	NEVER_OBSERVED	NO_HISTORY	false	NEW	READY_TO_OBSERVE	NOT_OBSERVED		UNKNOWN	UNKNOWN	false	UNKNOWN	UNKNOWN
63	54.945227	PROMOTE	multi-hypothesis-phase5-bighunt-binance-trade-20260122..20260122-20260306_221018-a5a73db4-t1__FULLSCAN_MAJOR__6b9bbac0774b191313ef8636b0787649411875663abecfc4c518f664570860f5	/home/deploy/quantlab-evidence-archive/20260306_slim/multi-hypothesis-phase5-bighunt-binance-trade-20260122..20260122-20260306_221018-a5a73db4-t1__FULLSCAN_MAJOR	1.000000	10	10	2	570888.0	132.02	MARK=WARN;FUNDING=PASS;OI=PASS	NEW	false	0		unknown		unknown	unknown	NEVER_OBSERVED	NO_HISTORY	false	NEW	READY_TO_OBSERVE	NOT_OBSERVED		UNKNOWN	UNKNOWN	false	UNKNOWN	UNKNOWN
64	54.501273	PROMOTE	multi-hypothesis-phase5-bighunt-binance-trade-20260110..20260110-20260306_191628-45744fbd-t1__FULLSCAN_MAJOR__5486ce35eaa8fda8b67519c16f53424496e4ec23f286c51833b830e1146137ba	/home/deploy/quantlab-evidence-archive/20260306_slim/multi-hypothesis-phase5-bighunt-binance-trade-20260110..20260110-20260306_191628-45744fbd-t1__FULLSCAN_MAJOR	1.000000	10	10	2	81712.0	5.41	MARK=WARN;FUNDING=WARN;OI=PASS	NEW	false	0		unknown		unknown	unknown	NEVER_OBSERVED	NO_HISTORY	false	NEW	READY_TO_OBSERVE	NOT_OBSERVED		UNKNOWN	UNKNOWN	false	UNKNOWN	UNKNOWN
65	54.481853	PROMOTE	multi-hypothesis-phase5-bighunt-okx-trade-20260116..20260116-20260306_205855-f52a70ed-t1__FULLSCAN_MAJOR__4b69784c2ecbc83b4c74f37b776729aa344ac86004aea99c6d31ca272f847c90	/home/deploy/quantlab-evidence-archive/20260306_slim/multi-hypothesis-phase5-bighunt-okx-trade-20260116..20260116-20260306_205855-f52a70ed-t1__FULLSCAN_MAJOR	1.000000	5	5	1	83696.0	5.98	MARK=WARN;FUNDING=PASS;OI=WARN	NEW	false	0		unknown		unknown	unknown	NEVER_OBSERVED	NO_HISTORY	false	NEW	READY_TO_OBSERVE	NOT_OBSERVED		UNKNOWN	UNKNOWN	false	UNKNOWN	UNKNOWN
66	54.088387	PROMOTE	multi-hypothesis-phase5-bighunt-binance-trade-20260121..20260121-20260306_214501-4e811022-t1__FULLSCAN_MAJOR__7afa062325a96355adbbe0d6346dced5f8d0053b78c255359cabdf2194316a8f	/home/deploy/quantlab-evidence-archive/20260306_slim/multi-hypothesis-phase5-bighunt-binance-trade-20260121..20260121-20260306_214501-4e811022-t1__FULLSCAN_MAJOR	1.000000	10	10	2	131956.0	15.11	MARK=WARN;FUNDING=WARN;OI=PASS	NEW	false	0		unknown		unknown	unknown	NEVER_OBSERVED	NO_HISTORY	false	NEW	READY_TO_OBSERVE	NOT_OBSERVED		UNKNOWN	UNKNOWN	false	UNKNOWN	UNKNOWN
67	54.080980	PROMOTE	multi-hypothesis-phase5-bighunt-binance-trade-20260208..20260208-20260307_035241-27e31b23-t1__FULLSCAN_MAJOR__d20f94a082e3b2941e628382be75c0c84f3324cb7b9191cba7f4516496473681	/home/deploy/quantlab-evidence-archive/20260307_slim/multi-hypothesis-phase5-bighunt-binance-trade-20260208..20260208-20260307_035241-27e31b23-t1__FULLSCAN_MAJOR	1.000000	45	45	9	651404.0	159.72	MARK=WARN;FUNDING=PASS;OI=PASS	NEW	false	0		unknown		unknown	unknown	NEVER_OBSERVED	NO_HISTORY	false	NEW	READY_TO_OBSERVE	NOT_OBSERVED		UNKNOWN	UNKNOWN	false	UNKNOWN	UNKNOWN
68	54.069587	PROMOTE	multi-hypothesis-phase5-bighunt-binance-trade-20260114..20260114-20260306_195953-93f14058-t1__FULLSCAN_MAJOR__5124034542d4a116c97b8522371610001d68049b5f91123bad451397e8442b47	/home/deploy/quantlab-evidence-archive/20260306_slim/multi-hypothesis-phase5-bighunt-binance-trade-20260114..20260114-20260306_195953-93f14058-t1__FULLSCAN_MAJOR	1.000000	10	10	2	666416.0	155.9	MARK=WARN;FUNDING=PASS;OI=PASS	NEW	false	0		unknown		unknown	unknown	NEVER_OBSERVED	NO_HISTORY	false	NEW	READY_TO_OBSERVE	NOT_OBSERVED		UNKNOWN	UNKNOWN	false	UNKNOWN	UNKNOWN
69	53.759793	PROMOTE	multi-hypothesis-phase5-bighunt-binance-trade-20260218..20260218-20260307_204156-ab940c9e-t1__FULLSCAN_MAJOR__9f96e7e73a8952a61716258a1a5a46b93e049f01fefb416d32434299c618bcfb	/home/deploy/quantlab-evidence-archive/20260307_slim/multi-hypothesis-phase5-bighunt-binance-trade-20260218..20260218-20260307_204156-ab940c9e-t1__FULLSCAN_MAJOR	1.000000	35	35	7	165408.0	24.79	MARK=WARN;FUNDING=WARN;OI=PASS	NEW	false	0		unknown		unknown	unknown	NEVER_OBSERVED	NO_HISTORY	false	NEW	READY_TO_OBSERVE	NOT_OBSERVED		UNKNOWN	UNKNOWN	false	UNKNOWN	UNKNOWN
70	53.618173	PROMOTE	multi-hypothesis-phase5-bighunt-okx-bbo-20260107..20260107-20260306_182939-72489212-t1__FULLSCAN_MAJOR__6ac2df69162aa2bfb7a888b94c87fe6d923e54c36ff2ae75833c34ca7890b3bc	/home/deploy/quantlab-evidence-archive/20260306_slim/multi-hypothesis-phase5-bighunt-okx-bbo-20260107..20260107-20260306_182939-72489212-t1__FULLSCAN_MAJOR	1.000000	3	3	15	246432.0	8.98	MARK=PASS;FUNDING=WARN;OI=WARN	NEW	false	0		unknown		unknown	unknown	NEVER_OBSERVED	NO_HISTORY	false	NEW	READY_TO_OBSERVE	NOT_OBSERVED		UNKNOWN	UNKNOWN	false	UNKNOWN	UNKNOWN
71	52.381520	PROMOTE	multi-hypothesis-phase5-bighunt-binance-trade-20260210..20260210-20260307_174433-a6aebc54-t1__FULLSCAN_MAJOR__32e990d17f04bd1e999509bd49521df80cd344189f61f7f6253e472b3804023b	/home/deploy/quantlab-evidence-archive/20260307_slim/multi-hypothesis-phase5-bighunt-binance-trade-20260210..20260210-20260307_174433-a6aebc54-t1__FULLSCAN_MAJOR	1.000000	45	45	9	839696.0	205.2	MARK=WARN;FUNDING=PASS;OI=PASS	NEW	false	0		unknown		unknown	unknown	NEVER_OBSERVED	NO_HISTORY	false	NEW	READY_TO_OBSERVE	NOT_OBSERVED		UNKNOWN	UNKNOWN	false	UNKNOWN	UNKNOWN
72	52.026067	PROMOTE	multi-hypothesis-phase5-bighunt-binance-trade-20260211..20260211-20260307_182254-aeef712d-t1__FULLSCAN_MAJOR__109ef38d55b417d72fb6cd6e401bce04ebb6725c7e63c4fb43058018b4b69ca4	/home/deploy/quantlab-evidence-archive/20260307_slim/multi-hypothesis-phase5-bighunt-binance-trade-20260211..20260211-20260307_182254-aeef712d-t1__FULLSCAN_MAJOR	1.000000	45	45	9	887120.0	212.3	MARK=WARN;FUNDING=PASS;OI=PASS	NEW	false	0		unknown		unknown	unknown	NEVER_OBSERVED	NO_HISTORY	false	NEW	READY_TO_OBSERVE	NOT_OBSERVED		UNKNOWN	UNKNOWN	false	UNKNOWN	UNKNOWN
73	51.810887	PROMOTE	multi-hypothesis-phase5-bighunt-binance-bbo-20260117..20260117-20260306_205929-f0bba16a-t1__FULLSCAN_MAJOR__b07af4244cccf07f7143255dda988fb0109289a84e6849ff97070a789b6933f7	/home/deploy/quantlab-evidence-archive/20260306_slim/multi-hypothesis-phase5-bighunt-binance-bbo-20260117..20260117-20260306_205929-f0bba16a-t1__FULLSCAN_MAJOR	1.000000	4	4	20	1379356.0	77.54	MARK=PASS;FUNDING=WARN;OI=PASS	NEW	false	0		unknown		unknown	unknown	NEVER_OBSERVED	NO_HISTORY	false	NEW	READY_TO_OBSERVE	NOT_OBSERVED		UNKNOWN	UNKNOWN	false	UNKNOWN	UNKNOWN
74	51.717747	PROMOTE	multi-hypothesis-phase5-bighunt-binance-trade-20260124..20260124-20260306_224806-9217e92f-t1__FULLSCAN_MAJOR__5c082b732a585add2d4dd97b244007453b25b3999e161abe14d9b0ee5d9bd628	/home/deploy/quantlab-evidence-archive/20260306_slim/multi-hypothesis-phase5-bighunt-binance-trade-20260124..20260124-20260306_224806-9217e92f-t1__FULLSCAN_MAJOR	1.000000	20	20	4	1341084.0	94.61	MARK=WARN;FUNDING=PASS;OI=PASS	NEW	false	0		unknown		unknown	unknown	NEVER_OBSERVED	NO_HISTORY	false	NEW	READY_TO_OBSERVE	NOT_OBSERVED		UNKNOWN	UNKNOWN	false	UNKNOWN	UNKNOWN
75	50.104127	PROMOTE	multi-hypothesis-phase5-bighunt-binance-trade-20260129..20260129-20260307_015448-7215d644-t1__FULLSCAN_MAJOR__fb237d12aefa9c9c32ae83cfa1c7d5cc157298291d8b05745e9a26843c682bbd	/home/deploy/quantlab-evidence-archive/20260307_slim/multi-hypothesis-phase5-bighunt-binance-trade-20260129..20260129-20260307_015448-7215d644-t1__FULLSCAN_MAJOR	1.000000	45	45	9	1347608.0	189.47	MARK=WARN;FUNDING=PASS;OI=PASS	NEW	false	0		unknown		unknown	unknown	NEVER_OBSERVED	NO_HISTORY	false	NEW	READY_TO_OBSERVE	NOT_OBSERVED		UNKNOWN	UNKNOWN	false	UNKNOWN	UNKNOWN
76	50.019513	PROMOTE	multi-hypothesis-phase5-bighunt-okx-trade-20260112..20260112-20260306_194647-f3732d7d-t1__FULLSCAN_MAJOR__a2f14ac3eefec33d888700a217e805c5e6c5b16859f76c186859fec8fd3bf141	/home/deploy/quantlab-evidence-archive/20260306_slim/multi-hypothesis-phase5-bighunt-okx-trade-20260112..20260112-20260306_194647-f3732d7d-t1__FULLSCAN_MAJOR	1.000000	5	5	1	560164.0	130.78	MARK=WARN;FUNDING=PASS;OI=WARN	NEW	false	0		unknown		unknown	unknown	NEVER_OBSERVED	NO_HISTORY	false	NEW	READY_TO_OBSERVE	NOT_OBSERVED		UNKNOWN	UNKNOWN	false	UNKNOWN	UNKNOWN
77	49.990893	PROMOTE	multi-hypothesis-phase5-bighunt-okx-trade-20260107..20260107-20260306_183037-ccafb196-t1__FULLSCAN_MAJOR__c9b25ff2ee73679ae97b667d2e208bd1e817288901b8cf18779ba0bfe4a3c914	/home/deploy/quantlab-evidence-archive/20260306_slim/multi-hypothesis-phase5-bighunt-okx-trade-20260107..20260107-20260306_183037-ccafb196-t1__FULLSCAN_MAJOR	1.000000	5	5	1	566988.0	130.45	MARK=WARN;FUNDING=PASS;OI=WARN	NEW	false	0		unknown		unknown	unknown	NEVER_OBSERVED	NO_HISTORY	false	NEW	READY_TO_OBSERVE	NOT_OBSERVED		UNKNOWN	UNKNOWN	false	UNKNOWN	UNKNOWN
78	49.954153	PROMOTE	multi-hypothesis-phase5-bighunt-binance-trade-20260123..20260123-20260306_223341-14b84771-t1__FULLSCAN_MAJOR__2c7ff062e01fd56541cc28fa6f89ed8acf6a7ab849ef36e08028536c36e3dd1e	/home/deploy/quantlab-evidence-archive/20260306_slim/multi-hypothesis-phase5-bighunt-binance-trade-20260123..20260123-20260306_223341-14b84771-t1__FULLSCAN_MAJOR	1.000000	10	10	2	569836.0	131.8	MARK=WARN;FUNDING=WARN;OI=PASS	NEW	false	0		unknown		unknown	unknown	NEVER_OBSERVED	NO_HISTORY	false	NEW	READY_TO_OBSERVE	NOT_OBSERVED		UNKNOWN	UNKNOWN	false	UNKNOWN	UNKNOWN
79	49.786553	PROMOTE	multi-hypothesis-phase5-bighunt-binance-trade-20260115..20260115-20260306_203035-2a65e9d0-t1__FULLSCAN_MAJOR__ff21929d1fd4d1958a603793b6e4d5dbcba9d9b06426c1af4fc2e6d359071a50	/home/deploy/quantlab-evidence-archive/20260306_slim/multi-hypothesis-phase5-bighunt-binance-trade-20260115..20260115-20260306_203035-2a65e9d0-t1__FULLSCAN_MAJOR	1.000000	15	15	3	584556.0	137.44	MARK=WARN;FUNDING=WARN;OI=PASS	NEW	false	0		unknown		unknown	unknown	NEVER_OBSERVED	NO_HISTORY	false	NEW	READY_TO_OBSERVE	NOT_OBSERVED		UNKNOWN	UNKNOWN	false	UNKNOWN	UNKNOWN
80	49.148893	PROMOTE	multi-hypothesis-phase5-bighunt-binance-trade-20260203..20260203-20260307_025556-bf3a78e9-t1__FULLSCAN_MAJOR__4a020d49e5cff5a25d7dec9341dad9394d46ccd737a6cf45816f018487990806	/home/deploy/quantlab-evidence-archive/20260307_slim/multi-hypothesis-phase5-bighunt-binance-trade-20260203..20260203-20260307_025556-bf3a78e9-t1__FULLSCAN_MAJOR	1.000000	45	45	9	1171288.0	299.68	MARK=WARN;FUNDING=PASS;OI=PASS	NEW	false	0		unknown		unknown	unknown	NEVER_OBSERVED	NO_HISTORY	false	NEW	READY_TO_OBSERVE	NOT_OBSERVED		UNKNOWN	UNKNOWN	false	UNKNOWN	UNKNOWN
81	49.102947	PROMOTE	multi-hypothesis-phase5-bighunt-binance-trade-20260105..20260105-20260306_172655-28e17bc8-t1__FULLSCAN_MAJOR__751857de5b715a097ccc2df74b09a90235c36bc8c01407718282295bd227c109	/home/deploy/quantlab-evidence-archive/20260306_slim/multi-hypothesis-phase5-bighunt-binance-trade-20260105..20260105-20260306_172655-28e17bc8-t1__FULLSCAN_MAJOR	1.000000	10	10	2	710744.0	140.6	MARK=WARN;FUNDING=WARN;OI=PASS	NEW	false	0		unknown		unknown	unknown	NEVER_OBSERVED	NO_HISTORY	false	NEW	READY_TO_OBSERVE	NOT_OBSERVED		UNKNOWN	UNKNOWN	false	UNKNOWN	UNKNOWN
82	48.975580	PROMOTE	multi-hypothesis-phase5-bighunt-okx-trade-20260122..20260122-20260306_221828-28523733-t1__FULLSCAN_MAJOR__066147494550bcf4b8c7d807a6124d7e254094cc9094a82fa877c3e447a97f0d	/home/deploy/quantlab-evidence-archive/20260306_slim/multi-hypothesis-phase5-bighunt-okx-trade-20260122..20260122-20260306_221828-28523733-t1__FULLSCAN_MAJOR	1.000000	10	10	2	679684.0	157.56	MARK=WARN;FUNDING=PASS;OI=WARN	NEW	false	0		unknown		unknown	unknown	NEVER_OBSERVED	NO_HISTORY	false	NEW	READY_TO_OBSERVE	NOT_OBSERVED		UNKNOWN	UNKNOWN	false	UNKNOWN	UNKNOWN
83	48.496173	PROMOTE	multi-hypothesis-phase5-bighunt-binance-bbo-20260118..20260118-20260306_210650-27d6b9da-t1__FULLSCAN_MAJOR__9e7fc63c1349c5e4c0aa7cd1291e7478d4f05cde889d06aa23924240e1417253	/home/deploy/quantlab-evidence-archive/20260306_slim/multi-hypothesis-phase5-bighunt-binance-bbo-20260118..20260118-20260306_210650-27d6b9da-t1__FULLSCAN_MAJOR	1.000000	4	4	20	1933032.0	110.32	MARK=PASS;FUNDING=WARN;OI=PASS	NEW	false	0		unknown		unknown	unknown	NEVER_OBSERVED	NO_HISTORY	false	NEW	READY_TO_OBSERVE	NOT_OBSERVED		UNKNOWN	UNKNOWN	false	UNKNOWN	UNKNOWN
84	48.237700	PROMOTE	multi-hypothesis-phase5-bighunt-binance-trade-20260126..20260126-20260306_234314-3c90bac0-t1__FULLSCAN_MAJOR__bd7c0351d59f666e4bca3f75240dbf81f4e23563f492f5cea7931f6631cea73d	/home/deploy/quantlab-evidence-archive/20260306_slim/multi-hypothesis-phase5-bighunt-binance-trade-20260126..20260126-20260306_234314-3c90bac0-t1__FULLSCAN_MAJOR	1.000000	45	45	9	1865760.0	146.01	MARK=WARN;FUNDING=PASS;OI=PASS	NEW	false	0		unknown		unknown	unknown	NEVER_OBSERVED	NO_HISTORY	false	NEW	READY_TO_OBSERVE	NOT_OBSERVED		UNKNOWN	UNKNOWN	false	UNKNOWN	UNKNOWN
85	48.082353	PROMOTE	multi-hypothesis-phase5-bighunt-binance-trade-20260127..20260127-20260307_002719-09d1bb2e-t1__FULLSCAN_MAJOR__d1f931f6386fcfb70f46c1ebaf8dd39e16dd790a36b804aeed81975472127ae0	/home/deploy/quantlab-evidence-archive/20260307_slim/multi-hypothesis-phase5-bighunt-binance-trade-20260127..20260127-20260307_002719-09d1bb2e-t1__FULLSCAN_MAJOR	1.000000	45	45	9	1781596.0	180.58	MARK=WARN;FUNDING=PASS;OI=PASS	NEW	false	0		unknown		unknown	unknown	NEVER_OBSERVED	NO_HISTORY	false	NEW	READY_TO_OBSERVE	NOT_OBSERVED		UNKNOWN	UNKNOWN	false	UNKNOWN	UNKNOWN
86	47.746687	PROMOTE	multi-hypothesis-phase5-bighunt-binance-trade-20260226..20260227-20260305_151319-51538807-t1__FULLSCAN_MAJOR__8ac2b96b23fa74bc83b194c6873debdbd2fe5d3c46556b1ef0a8725a137a758a	/home/deploy/quantlab-evidence-archive/20260305_slim/multi-hypothesis-phase5-bighunt-binance-trade-20260226..20260227-20260305_151319-51538807-t1__FULLSCAN_MAJOR	1.000000	35	35	7	268996.0	54.5	MARK=NA;FUNDING=NA;OI=NA	NEW	false	0		unknown		unknown	unknown	NEVER_OBSERVED	NO_HISTORY	false	NEW	READY_TO_OBSERVE	NOT_OBSERVED		UNKNOWN	UNKNOWN	false	UNKNOWN	UNKNOWN
87	47.550833	PROMOTE	multi-hypothesis-phase5-bighunt-binance-trade-20260227..20260228-20260305_151704-70b0f1f2-t1__FULLSCAN_MAJOR__019c89bf9e4986b03df85ef2f7f72e6367aec30c55fe59a76329e81e716e3e1d	/home/deploy/quantlab-evidence-archive/20260305_slim/multi-hypothesis-phase5-bighunt-binance-trade-20260227..20260228-20260305_151704-70b0f1f2-t1__FULLSCAN_MAJOR	1.000000	35	35	7	292500.0	59.2	MARK=NA;FUNDING=NA;OI=NA	NEW	false	0		unknown		unknown	unknown	NEVER_OBSERVED	NO_HISTORY	false	NEW	READY_TO_OBSERVE	NOT_OBSERVED		UNKNOWN	UNKNOWN	false	UNKNOWN	UNKNOWN
88	47.452507	PROMOTE	multi-hypothesis-phase5-bighunt-binance-trade-20260128..20260128-20260307_011221-8407b3d3-t1__FULLSCAN_MAJOR__ec98bad7de5d542800d3ad56cba327d120e6abd1f8b34f1c994f9fd2a3f2c150	/home/deploy/quantlab-evidence-archive/20260307_slim/multi-hypothesis-phase5-bighunt-binance-trade-20260128..20260128-20260307_011221-8407b3d3-t1__FULLSCAN_MAJOR	1.000000	45	45	9	1981532.0	158.39	MARK=WARN;FUNDING=PASS;OI=PASS	NEW	false	0		unknown		unknown	unknown	NEVER_OBSERVED	NO_HISTORY	false	NEW	READY_TO_OBSERVE	NOT_OBSERVED		UNKNOWN	UNKNOWN	false	UNKNOWN	UNKNOWN
89	35.283167	PROMOTE	multi-hypothesis-phase5-bighunt-binance-trade-20260126..20260127-20260305_083648__FULLSCAN_MAJOR__ebd38ebaf46bc6e517de467e8934695a51b2ddfaa11fd85c6c3cd7e3aa2c37d9	/home/deploy/quantlab-evidence-archive/20260305_slim/multi-hypothesis-phase5-bighunt-binance-trade-20260126..20260127-20260305_083648__FULLSCAN_MAJOR	1.000000	45	45	9	2305968.0	283.01	MARK=NA;FUNDING=NA;OI=NA	NEW	false	0		unknown		unknown	unknown	NEVER_OBSERVED	NO_HISTORY	false	NEW	READY_TO_OBSERVE	NOT_OBSERVED		UNKNOWN	UNKNOWN	false	UNKNOWN	UNKNOWN
90	35.236000	PROMOTE	multi-hypothesis-phase5-bighunt-binance-trade-20260126..20260127-20260305_143035-3a902547-t1__FULLSCAN_MAJOR__1b6f450b5fdc49667e1a8876dc3ebe7e852f9b681f074025f0f408840c4bc1d6	/home/deploy/quantlab-evidence-archive/20260305_slim/multi-hypothesis-phase5-bighunt-binance-trade-20260126..20260127-20260305_143035-3a902547-t1__FULLSCAN_MAJOR	1.000000	45	45	9	2117556.0	285.84	MARK=NA;FUNDING=NA;OI=NA	NEW	false	0		unknown		unknown	unknown	NEVER_OBSERVED	NO_HISTORY	false	NEW	READY_TO_OBSERVE	NOT_OBSERVED		UNKNOWN	UNKNOWN	false	UNKNOWN	UNKNOWN
91	35.217333	PROMOTE	multi-hypothesis-phase5-bighunt-binance-trade-20260126..20260127-20260305_092410-67fecfdd-t1__FULLSCAN_MAJOR__69497c795097c9ae2f088717297d039f279126d919515ba75c95931a0f7dcdeb	/home/deploy/quantlab-evidence-archive/20260305_slim/multi-hypothesis-phase5-bighunt-binance-trade-20260126..20260127-20260305_092410-67fecfdd-t1__FULLSCAN_MAJOR	1.000000	45	45	9	2303252.0	286.96	MARK=NA;FUNDING=NA;OI=NA	NEW	false	0		unknown		unknown	unknown	NEVER_OBSERVED	NO_HISTORY	false	NEW	READY_TO_OBSERVE	NOT_OBSERVED		UNKNOWN	UNKNOWN	false	UNKNOWN	UNKNOWN
92	35.161667	PROMOTE	multi-hypothesis-phase5-mini-fullscan-trade-state-20260305_072046__FULLSCAN_MAJOR__9709a89edd8ac89da2f29e17cf403c04ce1488383aff7204e582bd1a70243325	/home/deploy/quantlab-evidence-archive/20260305_slim/multi-hypothesis-phase5-mini-fullscan-trade-state-20260305_072046__FULLSCAN_MAJOR	1.000000	45	45	9	2121568.0	290.3	MARK=NA;FUNDING=NA;OI=NA	NEW	false	0		unknown		unknown	unknown	NEVER_OBSERVED	NO_HISTORY	false	NEW	READY_TO_OBSERVE	NOT_OBSERVED		UNKNOWN	UNKNOWN	false	UNKNOWN	UNKNOWN
93	35.128333	PROMOTE	multi-hypothesis-phase5-bighunt-binance-trade-20260127..20260128-20260305_140837-a1512783-t2__FULLSCAN_MAJOR__8736983bb5e4c7826c7d88085a27231e2fb834bc9a2f4e6cfcf149988c4330e8	/home/deploy/quantlab-evidence-archive/20260305_slim/multi-hypothesis-phase5-bighunt-binance-trade-20260127..20260128-20260305_140837-a1512783-t2__FULLSCAN_MAJOR	1.000000	45	45	9	2125480.0	292.3	MARK=NA;FUNDING=NA;OI=NA	NEW	false	0		unknown		unknown	unknown	NEVER_OBSERVED	NO_HISTORY	false	NEW	READY_TO_OBSERVE	NOT_OBSERVED		UNKNOWN	UNKNOWN	false	UNKNOWN	UNKNOWN
